<images>
  <image name="Akarin">
    <source>http://0x40Hues.blogspot.com/Sources/Defaults#Akarin</source>
    <source_other>http://myanimelist.net/character/35872/Akari_Akaza</source_other>
    <fullname>Akari Akaza</fullname>
    <align>center</align>
  </image>
  <image name="Felli">
    <source>http://0x40Hues.blogspot.com/Sources/Defaults#Felli</source>
    <source_other>http://myanimelist.net/character/18951/Felli_Loss</source_other>
    <fullname>Felli Loss</fullname>
    <align>center</align>
  </image>
  <image name="Hakase">
    <source>http://0x40Hues.blogspot.com/Sources/Defaults#Hakase</source>
    <source_other>http://myanimelist.net/character/41055/Shinonome_Hakase</source_other>
    <fullname>Hakase Shinonome</fullname>
    <align>center</align>
  </image>
  <image name="Hanako">
    <source>http://0x40Hues.blogspot.com/Sources/Defaults#Hanako</source>
    <source_other>http://katawashoujo.wikia.com/wiki/Hanako_Ikezawa</source_other>
    <fullname>Hanako Ikezawa</fullname>
    <align>center</align>
  </image>
  <image name="Haruhi">
    <source>http://0x40Hues.blogspot.com/Sources/Defaults#Haruhi</source>
    <source_other>http://myanimelist.net/character/251/Haruhi_Suzumiya</source_other>
    <fullname>Haruhi Suzumiya</fullname>
    <align>right</align>
  </image>
  <image name="Ika">
    <source>http://0x40Hues.blogspot.com/Sources/Defaults#Ika</source>
    <source_other>http://myanimelist.net/character/20512/Ika_Musume</source_other>
    <fullname>Ika Musume</fullname>
    <align>left</align>
  </image>
  <image name="Kagami">
    <source>http://0x40Hues.blogspot.com/Sources/Defaults#Kagami</source>
    <source_other>http://myanimelist.net/character/2171/Kagami_Hiiragi</source_other>
    <fullname>Kagami Hiiragi</fullname>
    <align>center</align>
  </image>
  <image name="Konata">
    <source>http://0x40Hues.blogspot.com/Sources/Defaults#Konata</source>
    <source_other>http://myanimelist.net/character/2169/Konata_Izumi</source_other>
    <fullname>Konata Izumi</fullname>
    <align>right</align>
  </image>
  <image name="Kurisu">
    <source>http://0x40Hues.blogspot.com/Sources/Defaults#Kurisu</source>
    <source_other>http://myanimelist.net/character/34470/Kurisu_Makise</source_other>
    <fullname>Kurisu Makise</fullname>
    <align>center</align>
  </image>
  <image name="Kyouko Toshinou">
    <source>http://0x40Hues.blogspot.com/Sources/Defaults#Kyouko_Toshinou</source>
    <source_other>http://myanimelist.net/character/35871/Kyouko_Toshinou</source_other>
    <fullname>Kyouko Toshinou</fullname>
    <align>center</align>
  </image>
  <image name="Lilly">
    <source>http://0x40Hues.blogspot.com/Sources/Defaults#Lilly</source>
    <source_other>http://katawashoujo.wikia.com/wiki/Lilly_Satou</source_other>
    <fullname>Lilly Satou</fullname>
    <align>center</align>
  </image>
  <image name="Mai">
    <source>http://0x40Hues.blogspot.com/Sources/Defaults#Mai</source>
    <source_other>http://myanimelist.net/character/10421/Mai_Minakami</source_other>
    <fullname>Mai Minakami</fullname>
    <align>right</align>
  </image>
  <image name="Mayuri">
    <source>http://0x40Hues.blogspot.com/Sources/Defaults#Mayuri</source>
    <source_other>http://myanimelist.net/character/35253/Mayuri_Shiina</source_other>
    <fullname>Mayuri Shiina</fullname>
    <align>center</align>
  </image>
  <image name="Mio Naganohara">
    <source>http://0x40Hues.blogspot.com/Sources/Defaults#Mio_Naganohara</source>
    <source_other>http://myanimelist.net/character/40081/Mio_Naganohara</source_other>
    <fullname>Mio Naganohara</fullname>
    <align>right</align>
  </image>
  <image name="Mirai">
    <source>http://0x40Hues.blogspot.com/Sources/Defaults#Mirai</source>
    <source_other>http://myanimelist.net/character/81751/Mirai_Kuriyama</source_other>
    <fullname>Mirai Kuriyama</fullname>
    <align>center</align>
  </image>
  <image name="Momo">
    <source>http://0x40Hues.blogspot.com/Sources/Defaults#Momo</source>
    <source_other>http://myanimelist.net/character/17364/Deviluke_Momo_Velia</source_other>
    <fullname>Momo Belia Deviluke</fullname>
    <align>center</align>
  </image>
  <image name="Morgiana">
    <source>http://0x40Hues.blogspot.com/Sources/Defaults#Morgiana</source>
    <source_other>http://myanimelist.net/character/43121/Morgiana</source_other>
    <fullname>Morgiana </fullname>
    <align>left</align>
  </image>
  <image name="Nano">
    <source>http://0x40Hues.blogspot.com/Sources/Defaults#Nano</source>
    <source_other>http://myanimelist.net/character/10422/Nano_Shinonome</source_other>
    <fullname>Nano Shinonome</fullname>
    <align>center</align>
  </image>
  <image name="Rikka">
    <source>http://0x40Hues.blogspot.com/Sources/Defaults#Rikka</source>
    <source_other>http://myanimelist.net/character/65865/Rikka_Takanashi</source_other>
    <fullname>Rikka Takanashi</fullname>
    <align>center</align>
  </image>
  <image name="Rin Tezuka">
    <source>http://0x40Hues.blogspot.com/Sources/Defaults#Rin_Tezuka</source>
    <source_other>http://katawashoujo.wikia.com/wiki/Rin_Tezuka</source_other>
    <fullname>Rin Tezuka</fullname>
    <align>center</align>
  </image>
  <image name="Ritsu">
    <source>http://0x40Hues.blogspot.com/Sources/Defaults#Ritsu</source>
    <source_other>http://myanimelist.net/character/19567/Ritsu_Tainaka</source_other>
    <fullname>Ritsu Tainaka</fullname>
    <align>center</align>
  </image>
  <image name="Ryuuko">
    <source>http://0x40Hues.blogspot.com/Sources/Defaults#Ryuuko</source>
    <source_other>http://myanimelist.net/character/83797/Ryuuko_Matoi</source_other>
    <fullname>Ryuuko Matoi</fullname>
    <align>right</align>
  </image>
  <image name="Sanae">
    <source>http://0x40Hues.blogspot.com/Sources/Defaults#Sanae</source>
    <source_other>http://myanimelist.net/character/67215/Sanae_Dekomori</source_other>
    <fullname>Sanae Dekomori</fullname>
    <align>left</align>
  </image>
  <image name="Sonya">
    <source>http://0x40Hues.blogspot.com/Sources/Defaults#Sonya</source>
    <source_other>http://myanimelist.net/character/32769/Sonya</source_other>
    <fullname>Sonya</fullname>
    <align>center</align>
  </image>
  <image name="Tomoko">
    <source>http://0x40Hues.blogspot.com/Sources/Defaults#Tomoko</source>
    <source_other>http://myanimelist.net/character/50057/Tomoko_Kuroki</source_other>
    <fullname>Tomoko Kuroki</fullname>
    <align>center</align>
  </image>
  <image name="Winry">
    <source>http://0x40Hues.blogspot.com/Sources/Defaults#Winry</source>
    <source_other>http://myanimelist.net/character/63/Winry_Rockbell</source_other>
    <fullname>Winry Rockbell</fullname>
    <align>right</align>
  </image>
  <image name="Yotsuba">
    <source>http://0x40Hues.blogspot.com/Sources/Defaults#Yotsuba</source>
    <source_other>http://myanimelist.net/character/3568/Yotsuba_Koiwai</source_other>
    <fullname>Yotsuba Koiwai</fullname>
    <align>center</align>
  </image>
  <image name="Yui">
    <source>http://0x40Hues.blogspot.com/Sources/Defaults#Yui</source>
    <source_other>http://myanimelist.net/character/19565/Yui_Hirasawa</source_other>
    <fullname>Yui Hirasawa</fullname>
    <align>center</align>
  </image>
  <image name="Yuki">
    <source>http://0x40Hues.blogspot.com/Sources/Defaults#Yuki</source>
    <source_other>http://myanimelist.net/character/249/Yuki_Nagato</source_other>
    <fullname>Yuki Nagato</fullname>
    <align>center</align>
  </image>
  <image name="Yuuko">
    <source>http://0x40Hues.blogspot.com/Sources/Defaults#Yuuko</source>
    <source_other>http://myanimelist.net/character/10418/Yuuko_Aioi</source_other>
    <fullname>Yuuko Aioi</fullname>
    <align>center</align>
  </image>
</images>
