<songs>
  <song name="loopYes">
    <title>Kudasai - The Girl I Haven't Met</title>
    <source>https://soundcloud.com/kudasaibeats/the-girl-i-havent-met</source>
    <rhythm>x...o.x...x.o...x...o.x..xx.o...x...o.x..xx.o...x...o.x..xx.o...</rhythm>
  </song>
  <song name="loopkanye">
    <title>Kanye West - Runaway</title>
    <source>https://www.youtube.com/watch?v=Bm5iA4Zupek</source>
    <rhythm>x.....!.x...!.!.x..@.@!.o...!..!x.....!.x...!.!.x..@.@!.o...!..!x.....!.x...!.!.x..@.@!.o...!..!x.....!.x...!.!.x..@.@!.o...!..!</rhythm>
  </song>
</songs>
